{
  "population_size": 200,
  "n_generations": 200,
  "rules_per_individual": 10,
  "max_possible_rules": 40,
  "crossover_prob": 0.8137113551172906,
  "mutation_prob": 0.21559339145580186,
  "tournament_size": 3,
  "num_elites": 3,
  "inactive_weight_penalty": 0.0322918672611915,
  "target_sparsity": 0.5421956673107167,
  "sparsity_radius": 0.07315553987718788,
  "fitness": 0.33093083399327594
}