{
  "learning_rate": 0.0019838212157978654,
  "dropout_1": 0.1298093415072499,
  "dropout_2": 0.6460291196899387,
  "dense_units": 192,
  "l2_reg": 4.802586909778849e-06,
  "optimizer": "sgd",
  "validation_accuracy": 0.777999997138977
}