{
  "learning_rate": 0.0018804957639270163,
  "dropout_1": 0.34312380528182995,
  "dropout_2": 0.17218111956300308,
  "dense_units": 448,
  "l2_reg": 0.0002847047819587899,
  "optimizer": "adam",
  "validation_accuracy": 0.7889999747276306
}