{
  "gradient": 0.05585353097658624,
  "pattern": 0.0032433168079968903,
  "noise": 0.1473287959637879,
  "edge": 0.10028887069928775,
  "symmetry": 0.049211542926661765,
  "texture": 0.09499444105749891,
  "color": 0.059705534342392216,
  "hash": 0.1391640754594627,
  "dct": 0.11971250226825433,
  "channel_correlation": 0.06951910011552892,
  "glcm": 0.08638690255653245,
  "noise_spectrum": 0.042366806818696576,
  "ycbcr_correlation": 0.03222458000731334,
  "__fitness__": 0.23388429035743077
}