{
  "learning_rate": 0.001558597254588861,
  "dropout_1": 0.31685234185795624,
  "dropout_2": 0.46658172317306185,
  "dense_units": 448,
  "l2_reg": 0.0007146301399527266,
  "optimizer": "adam",
  "validation_accuracy": 0.784333348274231
}