{
  "gradient": 0.22043036103005068,
  "noise": 0.3177687800361137,
  "symmetry": 0.10066997764727721,
  "texture": 0.09336097581647222,
  "color": 0.03407211482505427,
  "hash": 0.16784563632260444,
  "glcm": 0.014486871984492354,
  "local_entropy": 0.051365282337934984,
  "__fitness__": 0.36842539012432096
}