{
  "gradient": 0.14439167850265713,
  "pattern": 0.006796341773160533,
  "noise": 0.06130276508303171,
  "edge": 0.05395926645576547,
  "symmetry": 0.13355311751389004,
  "texture": 0.016623591194871293,
  "color": 0.04009672194149851,
  "hash": 0.06201738459725753,
  "dct": 0.2504695435003291,
  "channel_correlation": 0.04153101077625164,
  "glcm": 0.18925857866128706
}