{
  "gradient": 0.2193382,
  "noise": 0.2089691,
  "symmetry": 0.0535849,
  "texture": 0.0299647,
  "color": 0.1137232,
  "hash": 0.2129902,
  "glcm": 0.0418237,
  "local_entropy": 0.1195950,
  "__fitness__": 0.3594658
}