{
  "gradient": 0.20222466,
  "pattern": 0.02708703,
  "noise": 0.13339785,
  "laplacian_peak_ratio": 0.1,
  "symmetry": 0.06288187,
  "texture": 0.09695127,
  "color": 0.05866314,
  "hash": 0.21176454,
  "dct": 0.04708720,
  "channel_correlation": 0.03259160,
  "glcm": 0.02671302,
  "noise_spectrum": 0.08226043,
  "local_entropy": 0.1,
  "__fitness__": 0.390735
}