{
  "learning_rate": 0.0009765124345077191,
  "dropout_1": 0.14930057239330183,
  "dropout_2": 0.5573013799581437,
  "dense_units": 320,
  "l2_reg": 0.0007113740903976825,
  "optimizer": "rmsprop",
  "validation_accuracy": 0.7505000233650208
}