{
  "gradient": 0.24157561899192181,
  "pattern": 0.030655070820986077,
  "noise": 0.1344898808064509,
  "symmetry": 0.1031209025047856,
  "texture": 0.04432403823117015,
  "color": 0.08092924372450548,
  "hash": 0.21751180412767043,
  "dct": 0.004706460969180445,
  "glcm": 0.055051594189670996,
  "noise_spectrum": 0.05067807429432027,
  "local_entropy": 0.03695731133933778
}