{
  "gradient": 0.20222466304765954,
  "noise": 0.13339785361000484,
  "hash": 0.2117645379750516,
  "pattern": 0.027087030162438342,
  "symmetry": 0.06288187482083775,
  "texture": 0.09695127423692092,
  "color": 0.058663144515490394,
  "noise_spectrum": 0.08226043914374105,
  "channel_correlation": 0.03259160115526977,
  "edge": 0.007329502173793922,
  "dct": 0.04708719705503989,
  "glcm": 0.02671301870713341,
  "ycbcr_correlation": 0.011047863396618576,
  "__fitness__": 0.390735105673472
}