{
  "gradient": 0.198301937352891,
  "pattern": 0.203097189948819,
  "noise": 0.0982803191945819,
  "edge": 0.268956225121461,
  "symmetry": 0.265543722605148,
  "texture": 0.234071413020661,
  "color": 0.265951800983319,
  "hash": 0.324248927576862,
  "dct": 0.328846266685449,
  "channel_correlation": 0.226292674075059,
  "glcm": 0.0368567295623699
}