{
  "gradient": 0.033249440412896306,
  "pattern": 0.08562970628127971,
  "noise": 0.09864816849859756,
  "edge": 0.0077348674081964015,
  "symmetry": 0.10116764521161774,
  "texture": 0.028395473998710855,
  "color": 0.01083231379376904,
  "hash": 0.15800728963275612,
  "dct": 0.16079589617345397,
  "channel_correlation": 0.13461336368549542,
  "glcm": 0.0507239220772866,
  "noise_spectrum": 0.016264244106325754,
  "ycbcr_correlation": 0.11393766871961447
}