{
  "gradient": 0.10800122052326541,
  "pattern": 0.025520713666322515,
  "noise": 0.031077286414866557,
  "edge": 0.09343759809186272,
  "symmetry": 0.1334168938785739,
  "texture": 0.10927139681457185,
  "color": 0.1010880251233604,
  "hash": 0.05160410493535297,
  "dct": 0.05129286969673586,
  "channel_correlation": 0.09790127101283402,
  "glcm": 0.1339158745635047,
  "noise_spectrum": 0.0007865875697579384,
  "ycbcr_correlation": 0.06268615770899133
}