{
  "gradient": 0.050114200175293444,
  "pattern": 0.12546918043417077,
  "noise": 0.07091765643797777,
  "edge": 0.0036444619351783713,
  "symmetry": 0.08146687609100567,
  "texture": 0.09656131241261207,
  "color": 0.044933667913566074,
  "hash": 0.14828088163045786,
  "dct": 0.08833905600159037,
  "channel_correlation": 0.02363172265806811,
  "glcm": 0.05143553073573885,
  "noise_spectrum": 0.05940851688110892,
  "ycbcr_correlation": 0.15579693669323183
}