{
  "learning_rate": 0.0001329291894316216,
  "dropout_1": 0.760571445127933,
  "dropout_2": 0.585595153449124,
  "dense_units": 640,
  "l2_reg": 4.2079886696066345e-06,
  "optimizer": "sgd",
  "validation_accuracy": 0.762666642665863
}