{
  "gradient": 0.20439970874473978,
  "pattern": 0.009862147791046568,
  "noise": 0.19473681335076792,
  "symmetry": 0.04993536313481966,
  "texture": 0.02792392613557775,
  "color": 0.10597785261088476,
  "hash": 0.19849399410847415,
  "dct": 0.006259148007593249,
  "glcm": 0.03897525209687009,
  "noise_spectrum": 0.05198604258548338,
  "local_entropy": 0.11144975143374274,
  "__fitness__": 0.35946580072244005
}