{
  "gradient": 0.12114241689787307,
  "pattern": 0.0005903182581069995,
  "noise": 0.07328037785951465,
  "edge": 0.15072082476742352,
  "symmetry": 0.060422020417597304,
  "texture": 0.09477843423875788,
  "color": 0.06003879018566017,
  "hash": 0.12931138122860056,
  "dct": 0.0644455460812668,
  "channel_correlation": 0.06007602922084358,
  "glcm": 0.12552149367937557,
  "noise_spectrum": 0.035738751655705565,
  "ycbcr_correlation": 0.023933615509274492
}