{
  "learning_rate": 0.0010927159763666227,
  "dropout_1": 0.16775727351607025,
  "dropout_2": 0.3440874100478203,
  "dense_units": 960,
  "l2_reg": 0.0007565311865382789,
  "optimizer": "adam",
  "validation_accuracy": 0.79339998960495
}