{
  "learning_rate": 0.0006358358856676254,
  "dropout_1": 0.4248435466776273,
  "dropout_2": 0.012350696577481468,
  "dense_units": 512,
  "l2_reg": 0.002136832907235877,
  "optimizer": "adam",
  "validation_accuracy": 0.5049999952316284
}