{
  "gradient": 0.021495379776312586,
  "pattern": 0.16130898207617092,
  "noise": 0.02559727533457193,
  "edge": 0.100747196790074,
  "symmetry": 0.0583684708320255,
  "texture": 0.11604391057566361,
  "color": 0.05872734046371132,
  "hash": 0.06279147577950882,
  "dct": 0.08994409653669183,
  "channel_correlation": 0.038621295131320676,
  "glcm": 0.08625417621097828,
  "noise_spectrum": 0.05687765223608494,
  "ycbcr_correlation": 0.1232227482568855
}