{
    "gradient": 0.984375,
    "pattern": 0.45306915044784546,
    "noise": 0.9999999403953552,
    "laplacian_peak_ratio": 0.26693466305732727,
    "symmetry": 0.4527718722820282,
    "texture": 0.8613359928131104,
    "color": 1.0,
    "hash": 0.5,
    "dct": 9.999999974752427e-07,
    "channel_correlation": 1.0,
    "glcm": 1.0,
    "noise_spectrum": 1.0,
    "local_entropy": 0.8518027663230896
}