{
    "gradient": 0.984375,
    "noise": 0.9999999403953552,
    "symmetry": 0.45278793573379517,
    "texture": 0.8648897409439087,
    "color": 1.0,
    "hash": 0.5089284181594849,
    "glcm": 1.0,
    "local_entropy": 0.8521872162818909
}