{
    "gradient": 0.984375,
    "noise": 0.45306915044784546,
    "hash": 0.9999999403953552,
    "pattern": 0.09375,
    "symmetry": 0.4527924656867981,
    "texture": 0.8670344352722168,
    "color": 1.0,
    "noise_spectrum": 0.5,
    "channel_correlation": 9.999999974752427e-07,
    "edge": 1.0,
    "dct": 1.0,
    "glcm": 1.0,
    "ycbcr_correlation": 0.9773216843605042
}