{
    "gradient": 0.984375,
    "pattern": 0.45306915044784546,
    "noise": 0.9999999403953552,
    "symmetry": 0.45282959938049316,
    "texture": 0.8792892098426819,
    "color": 1.0,
    "hash": 0.5,
    "dct": 9.999999974752427e-07,
    "glcm": 1.0,
    "noise_spectrum": 1.0,
    "local_entropy": 0.8502702116966248
}