{
    "gradient": 0.984375,
    "noise": 0.9999999403953552,
    "symmetry": 0.45277631282806396,
    "texture": 0.8583333492279053,
    "color": 1.0,
    "hash": 0.5089284181594849,
    "glcm": 1.0,
    "local_entropy": 0.852317750453949
}