{
    "gradient": 0.99609375,
    "pattern": 0.45738136768341064,
    "noise": 0.9999999403953552,
    "edge": 0.064453125,
    "symmetry": 0.45686790347099304,
    "texture": 0.8586855530738831,
    "color": 1.0,
    "hash": 0.5803577899932861,
    "dct": 0.003969050478190184,
    "channel_correlation": 1.0,
    "glcm": 1.0,
    "noise_spectrum": 1.0,
    "ycbcr_correlation": 0.9756314754486084
}