{
    "gradient": 0.99609375,
    "pattern": 0.45738136768341064,
    "noise": 0.9999999403953552,
    "edge": 0.06640625,
    "symmetry": 0.45689159631729126,
    "texture": 0.8645525574684143,
    "color": 1.0,
    "hash": 0.5803577899932861,
    "dct": 0.004519561771303415,
    "channel_correlation": 1.0,
    "glcm": 1.0,
    "noise_spectrum": 1.0,
    "ycbcr_correlation": 0.9748848676681519
}