{
    "gradient": 0.984375,
    "noise": 0.9999999403953552,
    "symmetry": 0.4527775049209595,
    "texture": 0.8595588207244873,
    "color": 1.0,
    "hash": 0.5089284181594849,
    "glcm": 1.0,
    "local_entropy": 0.8518750667572021
}