{
    "gradient": 0.984375,
    "noise": 0.45306915044784546,
    "hash": 0.9999999403953552,
    "symmetry": 0.2668227255344391,
    "texture": 0.45278018712997437,
    "color": 0.863541841506958,
    "noise_spectrum": 1.0,
    "glcm": 0.5,
    "dct": 9.999999974752427e-07,
    "local_entropy": 1.0,
    "pattern": 0.8521872162818909
}