{
  "mask_mode": "ga",
  "generator_train": [
    "ADM",
    "glide",
    "wukong"
  ],
  "generator_test": [
    "sdv4",
    "vqdm"
  ],
  "mask_sparsity_mean": 0.1644117534160614,
  "mask_sparsity_std": 0.12405634671449661,
  "metrics": {
    "accuracy": 0.7864000201225281,
    "loss": 0.6532273292541504,
    "f1": 0.7539170384407043,
    "balanced_accuracy": 0.7863999605178833,
    "precision": 0.8891304135322571,
    "recall": 0.6543999910354614,
    "confusion_matrix": [
      [
        2296.0,
        204.0
      ],
      [
        864.0,
        1636.0
      ]
    ]
  },
  "robustness": {},
  "training_history": {
    "accuracy": [
      0.8270255923271179,
      0.8760994076728821,
      0.8989872336387634,
      0.9111806750297546,
      0.9190765023231506,
      0.927205502986908,
      0.9339685440063477,
      0.9397321343421936,
      0.944362998008728,
      0.9441964030265808,
      0.9480610489845276,
      0.9533249139785767,
      0.955390453338623,
      0.9583555459976196,
      0.9578891396522522,
      0.9622534513473511,
      0.9644855856895447,
      0.9652518630027771,
      0.9667177796363831,
      0.9670175909996033,
      0.9687166810035706,
      0.9665511846542358,
      0.9692830443382263,
      0.9792110919952393,
      0.9810101389884949,
      0.9812766313552856,
      0.980510413646698,
      0.9819762706756592,
      0.9840085506439209,
      0.9829424023628235,
      0.9851412773132324,
      0.9839752316474915,
      0.9843416810035706
    ],
    "loss": [
      0.6093392372131348,
      0.39983630180358887,
      0.3336416482925415,
      0.29732534289360046,
      0.27711209654808044,
      0.2603982090950012,
      0.24294285476207733,
      0.23163163661956787,
      0.21417775750160217,
      0.215112566947937,
      0.2046659141778946,
      0.19523288309574127,
      0.1863793134689331,
      0.17868463695049286,
      0.17833031713962555,
      0.16989856958389282,
      0.16231337189674377,
      0.16210711002349854,
      0.15677061676979065,
      0.15630073845386505,
      0.15083754062652588,
      0.15477760136127472,
      0.14683614671230316,
      0.11806023120880127,
      0.10988950729370117,
      0.10490743070840836,
      0.10599133372306824,
      0.10312193632125854,
      0.0970781221985817,
      0.0990559384226799,
      0.09386509656906128,
      0.09398592263460159,
      0.09432277083396912
    ],
    "val_accuracy": [
      0.5116000175476074,
      0.5544000267982483,
      0.7021999955177307,
      0.6359999775886536,
      0.5508000254631042,
      0.6772000193595886,
      0.6583999991416931,
      0.6990000009536743,
      0.7300000190734863,
      0.7031999826431274,
      0.6615999937057495,
      0.7107999920845032,
      0.7864000201225281,
      0.703000009059906,
      0.7455999851226807,
      0.6863999962806702,
      0.7408000230789185,
      0.7487999796867371,
      0.7387999892234802,
      0.7261999845504761,
      0.7233999967575073,
      0.7247999906539917,
      0.7318000197410583,
      0.7016000151634216,
      0.7519999742507935,
      0.7570000290870667,
      0.6966000199317932,
      0.7224000096321106,
      0.7590000033378601,
      0.760200023651123,
      0.7447999715805054,
      0.6940000057220459,
      0.7128000259399414
    ],
    "val_loss": [
      1.558435320854187,
      1.275272011756897,
      0.7768037915229797,
      1.3587751388549805,
      1.456984043121338,
      0.64859539270401,
      0.9617307782173157,
      0.719079315662384,
      0.8014596700668335,
      0.7879480719566345,
      2.769028902053833,
      1.0875929594039917,
      0.6532273292541504,
      1.0686396360397339,
      0.95208340883255,
      1.0405786037445068,
      0.8418989181518555,
      0.8325297832489014,
      1.142897129058838,
      1.1265220642089844,
      1.2011667490005493,
      1.1256264448165894,
      0.940610945224762,
      1.6765213012695312,
      1.439651608467102,
      1.1010079383850098,
      1.6380854845046997,
      1.6083214282989502,
      1.0666460990905762,
      0.9827108383178711,
      1.3419582843780518,
      1.4520174264907837,
      1.5918062925338745
    ],
    "learning_rate": [
      0.001092716003768146,
      0.001092716003768146,
      0.001092716003768146,
      0.001092716003768146,
      0.001092716003768146,
      0.001092716003768146,
      0.001092716003768146,
      0.001092716003768146,
      0.001092716003768146,
      0.001092716003768146,
      0.001092716003768146,
      0.001092716003768146,
      0.001092716003768146,
      0.001092716003768146,
      0.001092716003768146,
      0.001092716003768146,
      0.001092716003768146,
      0.001092716003768146,
      0.001092716003768146,
      0.001092716003768146,
      0.001092716003768146,
      0.001092716003768146,
      0.001092716003768146,
      0.000546358001884073,
      0.000546358001884073,
      0.000546358001884073,
      0.000546358001884073,
      0.000546358001884073,
      0.000546358001884073,
      0.000546358001884073,
      0.000546358001884073,
      0.000546358001884073,
      0.000546358001884073
    ]
  }
}