{
  "mask_mode": "ga",
  "generator_train": [
    "ADM",
    "glide",
    "wukong"
  ],
  "generator_test": [
    "ADM",
    "glide",
    "wukong"
  ],
  "mask_sparsity_mean": 0.1644117534160614,
  "mask_sparsity_std": 0.12405634671449661,
  "metrics": {
    "accuracy": 0.9842000007629395,
    "loss": 0.08688356727361679,
    "f1": 0.9840629696846008,
    "balanced_accuracy": 0.9842000007629395,
    "precision": 0.9926739931106567,
    "recall": 0.975600004196167,
    "confusion_matrix": [
      [
        2482.0,
        18.0
      ],
      [
        61.0,
        2439.0
      ]
    ]
  },
  "robustness": {},
  "training_history": {
    "accuracy": [
      0.825559675693512,
      0.8781982660293579,
      0.89705491065979,
      0.9121135473251343,
      0.9203425049781799,
      0.9274719953536987,
      0.9333688616752625,
      0.9396321773529053,
      0.944362998008728,
      0.945828914642334,
      0.9495602250099182,
      0.9543576836585999,
      0.9566231369972229,
      0.958155632019043,
      0.9597548246383667,
      0.961587131023407,
      0.9640191793441772,
      0.9650519490242004,
      0.9665845036506653,
      0.9677172303199768,
      0.9669509530067444,
      0.9676839113235474,
      0.9702158570289612,
      0.9702824950218201,
      0.9713486433029175,
      0.9727811813354492,
      0.9823427796363831,
      0.9840418696403503,
      0.9840751886367798,
      0.984375,
      0.9849080443382263,
      0.9868070483207703,
      0.9845415949821472,
      0.9863406419754028,
      0.9857409596443176,
      0.9860407710075378,
      0.9867070913314819,
      0.9872734546661377,
      0.9868736863136292,
      0.9867737293243408,
      0.9874067306518555,
      0.9893389940261841,
      0.9868736863136292,
      0.9932036399841309,
      0.9939032793045044,
      0.9926039576530457,
      0.9932702779769897,
      0.9930703639984131,
      0.9940698146820068,
      0.9926372766494751
    ],
    "loss": [
      0.6118262410163879,
      0.3927595615386963,
      0.32930126786231995,
      0.29482096433639526,
      0.2729223370552063,
      0.2588285803794861,
      0.24399541318416595,
      0.23059120774269104,
      0.21522250771522522,
      0.2120593637228012,
      0.20245295763015747,
      0.1922036111354828,
      0.18404269218444824,
      0.17713521420955658,
      0.17537367343902588,
      0.16808326542377472,
      0.16292496025562286,
      0.1613841950893402,
      0.1547122597694397,
      0.1543026715517044,
      0.15292908251285553,
      0.15251213312149048,
      0.14577007293701172,
      0.14406520128250122,
      0.13999933004379272,
      0.13600145280361176,
      0.11033456027507782,
      0.10117974877357483,
      0.09860993176698685,
      0.09609994292259216,
      0.09453441947698593,
      0.08998040109872818,
      0.09249142557382584,
      0.08822795003652573,
      0.08794625103473663,
      0.08650829643011093,
      0.086586594581604,
      0.08403579890727997,
      0.08628463000059128,
      0.08361272513866425,
      0.08099950104951859,
      0.07752706110477448,
      0.08184825628995895,
      0.06594590097665787,
      0.06285177916288376,
      0.06408804655075073,
      0.06132545322179794,
      0.06102513149380684,
      0.05710543692111969,
      0.06080498546361923
    ],
    "val_accuracy": [
      0.5633999705314636,
      0.8820000290870667,
      0.848800003528595,
      0.8446000218391418,
      0.9258000254631042,
      0.9246000051498413,
      0.8781999945640564,
      0.652999997138977,
      0.8479999899864197,
      0.8533999919891357,
      0.926800012588501,
      0.9147999882698059,
      0.8880000114440918,
      0.8529999852180481,
      0.9391999840736389,
      0.95660001039505,
      0.8356000185012817,
      0.9323999881744385,
      0.9178000092506409,
      0.9381999969482422,
      0.953000009059906,
      0.9524000287055969,
      0.951200008392334,
      0.855400025844574,
      0.9350000023841858,
      0.9065999984741211,
      0.9534000158309937,
      0.9660000205039978,
      0.946399986743927,
      0.9531999826431274,
      0.9585999846458435,
      0.9470000267028809,
      0.9778000116348267,
      0.9733999967575073,
      0.9775999784469604,
      0.9197999835014343,
      0.9710000157356262,
      0.9545999765396118,
      0.9458000063896179,
      0.9535999894142151,
      0.9706000089645386,
      0.9710000157356262,
      0.9635999798774719,
      0.9782000184059143,
      0.9824000000953674,
      0.9842000007629395,
      0.9811999797821045,
      0.9753999710083008,
      0.9760000109672546,
      0.9814000129699707
    ],
    "val_loss": [
      1.1992439031600952,
      0.3601791560649872,
      0.4144718647003174,
      0.44082167744636536,
      0.2592359185218811,
      0.2661903500556946,
      0.33892422914505005,
      1.945212721824646,
      0.38609808683395386,
      0.36286598443984985,
      0.2694011330604553,
      0.2795850932598114,
      0.291835218667984,
      0.3660314977169037,
      0.24629418551921844,
      0.1888853907585144,
      0.5528675317764282,
      0.2536161541938782,
      0.2573610246181488,
      0.231314018368721,
      0.1921258568763733,
      0.19971273839473724,
      0.19946996867656708,
      0.5883904695510864,
      0.2551978528499603,
      0.35445845127105713,
      0.19211462140083313,
      0.16026368737220764,
      0.21621306240558624,
      0.17581385374069214,
      0.17946583032608032,
      0.18704447150230408,
      0.1097881942987442,
      0.11341739445924759,
      0.10789012163877487,
      0.24844849109649658,
      0.12519055604934692,
      0.18649505078792572,
      0.17979095876216888,
      0.18084168434143066,
      0.13282795250415802,
      0.1500777304172516,
      0.15132346749305725,
      0.10414896160364151,
      0.09401988983154297,
      0.08688356727361679,
      0.10005742311477661,
      0.11812471598386765,
      0.11902870237827301,
      0.09926162660121918
    ],
    "learning_rate": [
      0.001092716003768146,
      0.001092716003768146,
      0.001092716003768146,
      0.001092716003768146,
      0.001092716003768146,
      0.001092716003768146,
      0.001092716003768146,
      0.001092716003768146,
      0.001092716003768146,
      0.001092716003768146,
      0.001092716003768146,
      0.001092716003768146,
      0.001092716003768146,
      0.001092716003768146,
      0.001092716003768146,
      0.001092716003768146,
      0.001092716003768146,
      0.001092716003768146,
      0.001092716003768146,
      0.001092716003768146,
      0.001092716003768146,
      0.001092716003768146,
      0.001092716003768146,
      0.001092716003768146,
      0.001092716003768146,
      0.001092716003768146,
      0.000546358001884073,
      0.000546358001884073,
      0.000546358001884073,
      0.000546358001884073,
      0.000546358001884073,
      0.000546358001884073,
      0.000546358001884073,
      0.000546358001884073,
      0.000546358001884073,
      0.000546358001884073,
      0.000546358001884073,
      0.000546358001884073,
      0.000546358001884073,
      0.000546358001884073,
      0.000546358001884073,
      0.000546358001884073,
      0.000546358001884073,
      0.0002731790009420365,
      0.0002731790009420365,
      0.0002731790009420365,
      0.0002731790009420365,
      0.0002731790009420365,
      0.0002731790009420365,
      0.0002731790009420365
    ]
  }
}