{"use_features": true, "feature_channels": 8, "mask_mode": "random", "genetic_rules": [[-1.0, -1.0, -1.0, -1.0], [-1.0, -1.0, -1.0, -1.0], [3.0, 0.5057660937309265, 0.0, 1.0], [-1.0, -1.0, -1.0, -1.0], [7.0, 0.47397303581237793, 1.0, 0.0], [5.0, 0.1432112455368042, 1.0, 0.0], [2.0, 0.0, 0.0, 0.0], [-1.0, 0.02601969987154007, -1.0, -1.0], [-1.0, 0.0, -1.0, -1.0], [7.0, 0.7317138910293579, 0.0, 1.0], [-1.0, 0.011402681469917297, -1.0, -1.0], [-1.0, 0.0, -1.0, -1.0], [-1.0, 0.0, -1.0, -1.0], [-1.0, 0.07186634093523026, -1.0, -1.0], [-1.0, -1.0, -1.0, -1.0], [-1.0, 0.0, -1.0, -1.0], [-1.0, 0.0, -1.0, -1.0], [-1.0, 0.0, -1.0, -1.0], [-1.0, 0.0, -1.0, -1.0], [-1.0, -1.0, -1.0, -1.0], [-1.0, 0.046868063509464264, 2.0, -1.0], [-1.0, 0.0, -1.0, -1.0], [-1.0, 0.0, -1.0, -1.0], [-1.0, 0.12548983097076416, -1.0, -1.0], [-1.0, 0.0, -1.0, -1.0], [-1.0, 0.0, -1.0, -1.0], [-1.0, -1.0, -1.0, -1.0], [-1.0, 0.0, -1.0, -1.0], [-1.0, -1.0, -1.0, -1.0], [7.0, 0.0, -1.0, -1.0], [-1.0, -1.0, -1.0, -1.0], [-1.0, -1.0, -1.0, -1.0], [-1.0, 0.0, -1.0, -1.0], [-1.0, 0.0, -1.0, -1.0], [-1.0, 0.2877551317214966, -1.0, -1.0], [-1.0, 0.0674612745642662, -1.0, -1.0], [3.0, 0.11361317336559296, -1.0, -1.0], [-1.0, 0.0, -1.0, -1.0], [-1.0, 0.061542756855487823, -1.0, -1.0], [-1.0, 0.3940050005912781, -1.0, -1.0]], "feature_scales": [0.984375, 0.9999999403953552, 0.45278793573379517, 0.8648897409439087, 1.0, 0.5089284181594849, 1.0, 0.8521872162818909], "random_mask_sparsity": 0.1644117534160614}