{
  "mask_mode": "random",
  "generator_train": [
    "ADM",
    "glide",
    "wukong"
  ],
  "generator_test": [
    "sdv4",
    "vqdm"
  ],
  "mask_sparsity_mean": 0.1644117534160614,
  "mask_sparsity_std": 0.12405634671449661,
  "metrics": {
    "accuracy": 0.7749999761581421,
    "loss": 1.3029836416244507,
    "f1": 0.7181158065795898,
    "balanced_accuracy": 0.7749999761581421,
    "precision": 0.9610999226570129,
    "recall": 0.573199987411499,
    "confusion_matrix": [
      [
        2442.0,
        58.0
      ],
      [
        1067.0,
        1433.0
      ]
    ]
  },
  "robustness": {},
  "training_history": {
    "accuracy": [
      0.8256596326828003,
      0.8772987723350525,
      0.8970882296562195,
      0.9064499139785767,
      0.9194429516792297,
      0.925606369972229,
      0.9328024983406067,
      0.9384994506835938,
      0.9438632726669312,
      0.945828914642334,
      0.9486607313156128,
      0.9499933123588562,
      0.9542577266693115,
      0.9555570483207703,
      0.956989586353302,
      0.9574560523033142,
      0.9625533223152161,
      0.9624866843223572,
      0.9647854566574097,
      0.976345956325531,
      0.9772454500198364,
      0.9784781336784363,
      0.9779784083366394,
      0.9804770946502686,
      0.976345956325531,
      0.9804437756538391,
      0.9818429946899414,
      0.9823427796363831,
      0.9823094606399536,
      0.9826759099960327,
      0.9835087656974792,
      0.9834088683128357,
      0.9832755923271179,
      0.9846748113632202,
      0.9851412773132324,
      0.9862406849861145,
      0.9848747253417969,
      0.9854077696800232,
      0.9849413633346558,
      0.9910380840301514,
      0.9929370880126953,
      0.9935367703437805,
      0.9916377663612366,
      0.9913046360015869,
      0.9929704070091248,
      0.9925373196601868,
      0.9930037260055542,
      0.9929037690162659,
      0.9922707676887512,
      0.9926372766494751
    ],
    "loss": [
      0.6111736297607422,
      0.39611923694610596,
      0.33447206020355225,
      0.30674445629119873,
      0.27727586030960083,
      0.2650153338909149,
      0.24796012043952942,
      0.23624102771282196,
      0.22019389271736145,
      0.21007868647575378,
      0.20411913096904755,
      0.19861921668052673,
      0.18877451121807098,
      0.1831231564283371,
      0.18160051107406616,
      0.17671960592269897,
      0.16367052495479584,
      0.16440150141716003,
      0.1607085019350052,
      0.12769180536270142,
      0.1177658811211586,
      0.11383569240570068,
      0.11412349343299866,
      0.10597895085811615,
      0.11545617878437042,
      0.10602587461471558,
      0.10168644785881042,
      0.10042955726385117,
      0.09816940873861313,
      0.09633392095565796,
      0.09410174936056137,
      0.09478692710399628,
      0.09443530440330505,
      0.09153527766466141,
      0.08933281898498535,
      0.08667284995317459,
      0.09059029072523117,
      0.08959635347127914,
      0.08940070867538452,
      0.07132349163293839,
      0.06726592034101486,
      0.06388663500547409,
      0.06650681048631668,
      0.06557022035121918,
      0.06376223266124725,
      0.06429809331893921,
      0.06039722263813019,
      0.062167756259441376,
      0.061919938772916794,
      0.061315156519412994
    ],
    "val_accuracy": [
      0.510200023651123,
      0.6453999876976013,
      0.6624000072479248,
      0.6302000284194946,
      0.7084000110626221,
      0.6944000124931335,
      0.6758000254631042,
      0.6531999707221985,
      0.769599974155426,
      0.7192000150680542,
      0.7128000259399414,
      0.6940000057220459,
      0.7268000245094299,
      0.6674000024795532,
      0.6782000064849854,
      0.5857999920845032,
      0.6801999807357788,
      0.7131999731063843,
      0.7688000202178955,
      0.7472000122070312,
      0.7206000089645386,
      0.6394000053405762,
      0.7447999715805054,
      0.7487999796867371,
      0.6349999904632568,
      0.7369999885559082,
      0.7059999704360962,
      0.7269999980926514,
      0.7730000019073486,
      0.7386000156402588,
      0.7567999958992004,
      0.7440000176429749,
      0.7498000264167786,
      0.7498000264167786,
      0.7139999866485596,
      0.7634000182151794,
      0.5924000144004822,
      0.7387999892234802,
      0.7378000020980835,
      0.7749999761581421,
      0.7588000297546387,
      0.7699999809265137,
      0.7351999878883362,
      0.760200023651123,
      0.7662000060081482,
      0.7656000256538391,
      0.7491999864578247,
      0.746399998664856,
      0.7465999722480774,
      0.7580000162124634
    ],
    "val_loss": [
      1.2726720571517944,
      0.9666657447814941,
      0.9527497887611389,
      1.1796748638153076,
      0.834349513053894,
      0.9050846695899963,
      0.9053341746330261,
      1.2600411176681519,
      0.5730379223823547,
      0.7072447538375854,
      0.8225876092910767,
      1.0623537302017212,
      0.886681318283081,
      1.4105669260025024,
      1.312135100364685,
      1.6299066543579102,
      1.4910459518432617,
      1.2724628448486328,
      0.8023896813392639,
      1.0072128772735596,
      1.2656906843185425,
      2.1888697147369385,
      1.2237448692321777,
      1.2738271951675415,
      2.345054864883423,
      1.3569674491882324,
      1.5776594877243042,
      1.4857126474380493,
      0.9187493920326233,
      1.2107211351394653,
      1.190331220626831,
      1.1451700925827026,
      1.1672704219818115,
      1.1961438655853271,
      1.7648322582244873,
      1.1579264402389526,
      3.115262985229492,
      1.5358121395111084,
      0.9527489542961121,
      1.3029836416244507,
      1.3584603071212769,
      1.1513149738311768,
      1.6696547269821167,
      1.2311979532241821,
      1.455369234085083,
      1.406996726989746,
      1.3585429191589355,
      1.634652018547058,
      1.4007936716079712,
      1.6753305196762085
    ],
    "learning_rate": [
      0.001092716003768146,
      0.001092716003768146,
      0.001092716003768146,
      0.001092716003768146,
      0.001092716003768146,
      0.001092716003768146,
      0.001092716003768146,
      0.001092716003768146,
      0.001092716003768146,
      0.001092716003768146,
      0.001092716003768146,
      0.001092716003768146,
      0.001092716003768146,
      0.001092716003768146,
      0.001092716003768146,
      0.001092716003768146,
      0.001092716003768146,
      0.001092716003768146,
      0.001092716003768146,
      0.000546358001884073,
      0.000546358001884073,
      0.000546358001884073,
      0.000546358001884073,
      0.000546358001884073,
      0.000546358001884073,
      0.000546358001884073,
      0.000546358001884073,
      0.000546358001884073,
      0.000546358001884073,
      0.000546358001884073,
      0.000546358001884073,
      0.000546358001884073,
      0.000546358001884073,
      0.000546358001884073,
      0.000546358001884073,
      0.000546358001884073,
      0.000546358001884073,
      0.000546358001884073,
      0.000546358001884073,
      0.0002731790009420365,
      0.0002731790009420365,
      0.0002731790009420365,
      0.0002731790009420365,
      0.0002731790009420365,
      0.0002731790009420365,
      0.0002731790009420365,
      0.0002731790009420365,
      0.0002731790009420365,
      0.0002731790009420365,
      0.0002731790009420365
    ]
  }
}