{
  "mask_mode": "none",
  "generator_train": [
    "ADM",
    "glide",
    "wukong"
  ],
  "generator_test": [
    "sdv4",
    "vqdm"
  ],
  "mask_sparsity_mean": null,
  "mask_sparsity_std": null,
  "metrics": {
    "accuracy": 0.7767999768257141,
    "loss": 0.7550137639045715,
    "f1": 0.7559055685997009,
    "balanced_accuracy": 0.7768000364303589,
    "precision": 0.8339768052101135,
    "recall": 0.6912000179290771,
    "confusion_matrix": [
      [
        2156.0,
        344.0
      ],
      [
        772.0,
        1728.0
      ]
    ]
  },
  "robustness": {},
  "training_history": {
    "accuracy": [
      0.8036333322525024,
      0.8641999959945679,
      0.8968666791915894,
      0.9115666747093201,
      0.9222999811172485,
      0.9314000010490417,
      0.9383666515350342,
      0.9429333209991455,
      0.9475333094596863,
      0.9506999850273132,
      0.9558666944503784,
      0.958733320236206,
      0.960266649723053,
      0.9595000147819519,
      0.9622666835784912,
      0.9648333191871643,
      0.9668999910354614,
      0.9682999849319458,
      0.970466673374176,
      0.9706000089645386,
      0.9717333316802979,
      0.9754999876022339,
      0.9755333065986633,
      0.9762333035469055,
      0.9775999784469604,
      0.9778666496276855,
      0.9789333343505859,
      0.9767000079154968,
      0.9798333048820496,
      0.9802666902542114,
      0.9803000092506409,
      0.9823333621025085,
      0.9815333485603333,
      0.9842333197593689,
      0.9827666878700256,
      0.9828333258628845,
      0.9848333597183228,
      0.9910333156585693,
      0.9922999739646912,
      0.9907666444778442,
      0.9926666617393494,
      0.9919666647911072,
      0.9927666783332825,
      0.9922999739646912,
      0.9928333163261414,
      0.9928666949272156,
      0.9928333163261414
    ],
    "loss": [
      0.4331972301006317,
      0.33116230368614197,
      0.27961400151252747,
      0.2457047551870346,
      0.22364069521427155,
      0.20605218410491943,
      0.19143682718276978,
      0.1819433569908142,
      0.17185023427009583,
      0.16246353089809418,
      0.15320196747779846,
      0.14916592836380005,
      0.1420561522245407,
      0.14233417809009552,
      0.13398593664169312,
      0.130655437707901,
      0.12825220823287964,
      0.12078907340765,
      0.114801324903965,
      0.1146918535232544,
      0.11298113316297531,
      0.10383956879377365,
      0.10424390435218811,
      0.10084468871355057,
      0.09792917966842651,
      0.0968201756477356,
      0.0958094596862793,
      0.0988801121711731,
      0.09078425168991089,
      0.09143510460853577,
      0.08954782783985138,
      0.08580327033996582,
      0.08884463459253311,
      0.08249560743570328,
      0.08581385016441345,
      0.08221136033535004,
      0.07972646504640579,
      0.06051019951701164,
      0.05620548129081726,
      0.056509144604206085,
      0.0517435148358345,
      0.052844613790512085,
      0.05245088413357735,
      0.05190735682845116,
      0.050667211413383484,
      0.04926031455397606,
      0.048803091049194336
    ],
    "val_accuracy": [
      0.5091999769210815,
      0.5504000186920166,
      0.5371999740600586,
      0.7242000102996826,
      0.7085999846458435,
      0.6567999720573425,
      0.7110000252723694,
      0.7545999884605408,
      0.7289999723434448,
      0.6850000023841858,
      0.6783999800682068,
      0.7394000291824341,
      0.7215999960899353,
      0.7075999975204468,
      0.7250000238418579,
      0.7598000168800354,
      0.6388000249862671,
      0.7347999811172485,
      0.7310000061988831,
      0.7157999873161316,
      0.7599999904632568,
      0.7235999703407288,
      0.7635999917984009,
      0.6977999806404114,
      0.6308000087738037,
      0.725600004196167,
      0.7767999768257141,
      0.72079998254776,
      0.75,
      0.7246000170707703,
      0.728600025177002,
      0.7555999755859375,
      0.7307999730110168,
      0.7229999899864197,
      0.7720000147819519,
      0.7519999742507935,
      0.6814000010490417,
      0.7444000244140625,
      0.7666000127792358,
      0.7522000074386597,
      0.7279999852180481,
      0.7210000157356262,
      0.7378000020980835,
      0.7513999938964844,
      0.7462000250816345,
      0.7337999939918518,
      0.7418000102043152
    ],
    "val_loss": [
      1.4887566566467285,
      1.0381979942321777,
      1.3264846801757812,
      0.7129989862442017,
      0.6701269149780273,
      0.9865370988845825,
      0.9764108657836914,
      0.791492223739624,
      0.6375771760940552,
      1.255949854850769,
      1.2666635513305664,
      0.8678672909736633,
      0.8864261507987976,
      1.2581862211227417,
      0.856147289276123,
      0.837637722492218,
      3.620889902114868,
      1.1709245443344116,
      0.857516884803772,
      1.2793474197387695,
      0.8486266732215881,
      1.029939889907837,
      0.9011935591697693,
      1.2963693141937256,
      1.8529413938522339,
      1.3737728595733643,
      0.7550137639045715,
      1.19169020652771,
      1.1790165901184082,
      1.5570951700210571,
      1.0962308645248413,
      1.0757725238800049,
      1.6212708950042725,
      1.5335098505020142,
      0.8228386640548706,
      1.3083393573760986,
      2.19295597076416,
      1.826371431350708,
      1.2722359895706177,
      1.4971559047698975,
      2.238926410675049,
      2.1500496864318848,
      1.944021463394165,
      1.5464224815368652,
      1.7610630989074707,
      1.9124476909637451,
      2.0817344188690186
    ],
    "learning_rate": [
      0.00214638514444232,
      0.00214638514444232,
      0.00214638514444232,
      0.00214638514444232,
      0.00214638514444232,
      0.00214638514444232,
      0.00214638514444232,
      0.00214638514444232,
      0.00214638514444232,
      0.00214638514444232,
      0.00214638514444232,
      0.00214638514444232,
      0.00214638514444232,
      0.00214638514444232,
      0.00214638514444232,
      0.00214638514444232,
      0.00214638514444232,
      0.00214638514444232,
      0.00214638514444232,
      0.00214638514444232,
      0.00214638514444232,
      0.00214638514444232,
      0.00214638514444232,
      0.00214638514444232,
      0.00214638514444232,
      0.00214638514444232,
      0.00214638514444232,
      0.00214638514444232,
      0.00214638514444232,
      0.00214638514444232,
      0.00214638514444232,
      0.00214638514444232,
      0.00214638514444232,
      0.00214638514444232,
      0.00214638514444232,
      0.00214638514444232,
      0.00214638514444232,
      0.00107319257222116,
      0.00107319257222116,
      0.00107319257222116,
      0.00107319257222116,
      0.00107319257222116,
      0.00107319257222116,
      0.00107319257222116,
      0.00107319257222116,
      0.00107319257222116,
      0.00107319257222116
    ]
  }
}