{
  "mask_mode": "random",
  "generator_train": [
    "ADM",
    "glide",
    "wukong"
  ],
  "generator_test": [
    "ADM",
    "glide",
    "wukong"
  ],
  "mask_sparsity_mean": 0.1644117534160614,
  "mask_sparsity_std": 0.12405634671449661,
  "metrics": {
    "accuracy": 0.9846000075340271,
    "loss": 0.09285454452037811,
    "f1": 0.9845350384712219,
    "balanced_accuracy": 0.9846000075340271,
    "precision": 0.9887050986289978,
    "recall": 0.980400025844574,
    "confusion_matrix": [
      [
        2472.0,
        28.0
      ],
      [
        49.0,
        2451.0
      ]
    ]
  },
  "robustness": {},
  "training_history": {
    "accuracy": [
      0.8225280046463013,
      0.8791977763175964,
      0.8983875513076782,
      0.9084488153457642,
      0.9170442223548889,
      0.9250732660293579,
      0.9290711879730225,
      0.9336687326431274,
      0.9395322203636169,
      0.9415645003318787,
      0.9450626373291016,
      0.947361409664154,
      0.9524586796760559,
      0.9544576406478882,
      0.9566897749900818,
      0.9575892686843872,
      0.9607542753219604,
      0.9627864956855774,
      0.964585542678833,
      0.9646521806716919,
      0.9672175049781799,
      0.9649520516395569,
      0.9690498113632202,
      0.9660847783088684,
      0.9695495963096619,
      0.9716151356697083,
      0.9711487293243408,
      0.9809101819992065,
      0.9844083189964294,
      0.9838419556617737,
      0.9829091429710388,
      0.9833755493164062,
      0.9840085506439209,
      0.9856410026550293,
      0.9847747683525085,
      0.985974133014679,
      0.9856743216514587,
      0.9860740900039673,
      0.9866737723350525,
      0.9850413203239441,
      0.9883728623390198,
      0.987373411655426,
      0.9864738583564758,
      0.9870069026947021,
      0.9865738153457642,
      0.988106369972229,
      0.9928704500198364,
      0.9938366413116455,
      0.9938033223152161,
      0.9928704500198364
    ],
    "loss": [
      0.6128035187721252,
      0.3887992799282074,
      0.32944267988204956,
      0.3003392219543457,
      0.2807016670703888,
      0.26421210169792175,
      0.2530410885810852,
      0.2433747947216034,
      0.22622647881507874,
      0.22098609805107117,
      0.21265920996665955,
      0.20907635986804962,
      0.19327454268932343,
      0.18826015293598175,
      0.1831105649471283,
      0.1777229607105255,
      0.17088817059993744,
      0.16894541680812836,
      0.15995539724826813,
      0.16045735776424408,
      0.15458980202674866,
      0.15776540338993073,
      0.150112122297287,
      0.15007507801055908,
      0.14482805132865906,
      0.13925974071025848,
      0.1399019956588745,
      0.11123976856470108,
      0.10117647796869278,
      0.10127631574869156,
      0.1010768935084343,
      0.09788890928030014,
      0.09715141355991364,
      0.09255596995353699,
      0.0921616181731224,
      0.08863243460655212,
      0.08974022418260574,
      0.08944296091794968,
      0.08627825230360031,
      0.0882614329457283,
      0.08146657049655914,
      0.08543103188276291,
      0.08413627743721008,
      0.08410577476024628,
      0.08378168195486069,
      0.08092377334833145,
      0.06649306416511536,
      0.062162868678569794,
      0.06166607886552811,
      0.06393583863973618
    ],
    "val_accuracy": [
      0.5335999727249146,
      0.8776000142097473,
      0.8700000047683716,
      0.8924000263214111,
      0.8804000020027161,
      0.8309999704360962,
      0.8925999999046326,
      0.8109999895095825,
      0.8083999752998352,
      0.5401999950408936,
      0.8880000114440918,
      0.8402000069618225,
      0.9142000079154968,
      0.8985999822616577,
      0.9157999753952026,
      0.8885999917984009,
      0.9538000226020813,
      0.9218000173568726,
      0.8679999709129333,
      0.9236000180244446,
      0.9431999921798706,
      0.951200008392334,
      0.8158000111579895,
      0.91839998960495,
      0.852400004863739,
      0.9398000240325928,
      0.9484000205993652,
      0.9678000211715698,
      0.9697999954223633,
      0.9585999846458435,
      0.9747999906539917,
      0.9660000205039978,
      0.9728000164031982,
      0.9598000049591064,
      0.9595999717712402,
      0.979200005531311,
      0.9444000124931335,
      0.9437999725341797,
      0.9422000050544739,
      0.9718000292778015,
      0.9760000109672546,
      0.9751999974250793,
      0.9742000102996826,
      0.9638000130653381,
      0.9760000109672546,
      0.97079998254776,
      0.9846000075340271,
      0.9800000190734863,
      0.9729999899864197,
      0.980400025844574
    ],
    "val_loss": [
      1.2612264156341553,
      0.3711651861667633,
      0.39178183674812317,
      0.35137608647346497,
      0.37304750084877014,
      0.44644755125045776,
      0.3696702718734741,
      0.4666042923927307,
      0.45366889238357544,
      2.0602080821990967,
      0.41273847222328186,
      0.45155009627342224,
      0.30953872203826904,
      0.31119975447654724,
      0.2661220133304596,
      0.33861592411994934,
      0.19404934346675873,
      0.26725396513938904,
      0.5231665968894958,
      0.32747936248779297,
      0.23390457034111023,
      0.244400754570961,
      0.4976344108581543,
      0.26909834146499634,
      0.47056981921195984,
      0.2157895267009735,
      0.19643360376358032,
      0.15146103501319885,
      0.14429564774036407,
      0.1774851679801941,
      0.1243048682808876,
      0.1611093431711197,
      0.13025425374507904,
      0.176953986287117,
      0.15844662487506866,
      0.11322896927595139,
      0.19835421442985535,
      0.21181727945804596,
      0.2109021544456482,
      0.12792910635471344,
      0.10956519842147827,
      0.11449845135211945,
      0.12104527652263641,
      0.14761531352996826,
      0.11144205182790756,
      0.12668250501155853,
      0.09285454452037811,
      0.10084230452775955,
      0.12928548455238342,
      0.10321354866027832
    ],
    "learning_rate": [
      0.001092716003768146,
      0.001092716003768146,
      0.001092716003768146,
      0.001092716003768146,
      0.001092716003768146,
      0.001092716003768146,
      0.001092716003768146,
      0.001092716003768146,
      0.001092716003768146,
      0.001092716003768146,
      0.001092716003768146,
      0.001092716003768146,
      0.001092716003768146,
      0.001092716003768146,
      0.001092716003768146,
      0.001092716003768146,
      0.001092716003768146,
      0.001092716003768146,
      0.001092716003768146,
      0.001092716003768146,
      0.001092716003768146,
      0.001092716003768146,
      0.001092716003768146,
      0.001092716003768146,
      0.001092716003768146,
      0.001092716003768146,
      0.001092716003768146,
      0.000546358001884073,
      0.000546358001884073,
      0.000546358001884073,
      0.000546358001884073,
      0.000546358001884073,
      0.000546358001884073,
      0.000546358001884073,
      0.000546358001884073,
      0.000546358001884073,
      0.000546358001884073,
      0.000546358001884073,
      0.000546358001884073,
      0.000546358001884073,
      0.000546358001884073,
      0.000546358001884073,
      0.000546358001884073,
      0.000546358001884073,
      0.000546358001884073,
      0.000546358001884073,
      0.0002731790009420365,
      0.0002731790009420365,
      0.0002731790009420365,
      0.0002731790009420365
    ]
  }
}