{
  "mask_mode": "none",
  "generator_train": [
    "ADM",
    "glide",
    "wukong"
  ],
  "generator_test": [
    "ADM",
    "glide",
    "wukong"
  ],
  "mask_sparsity_mean": null,
  "mask_sparsity_std": null,
  "metrics": {
    "accuracy": 0.9832000136375427,
    "loss": 0.08208014816045761,
    "f1": 0.9832535982131958,
    "balanced_accuracy": 0.9832000136375427,
    "precision": 0.980127215385437,
    "recall": 0.9864000082015991,
    "confusion_matrix": [
      [
        2450.0,
        50.0
      ],
      [
        34.0,
        2466.0
      ]
    ]
  },
  "robustness": {},
  "training_history": {
    "accuracy": [
      0.807533323764801,
      0.8754333257675171,
      0.9039999842643738,
      0.9250666499137878,
      0.9345666766166687,
      0.9411666393280029,
      0.9472000002861023,
      0.9535999894142151,
      0.9580666422843933,
      0.9614999890327454,
      0.9623000025749207,
      0.9673333168029785,
      0.9700000286102295,
      0.9696666598320007,
      0.9729666709899902,
      0.9728000164031982,
      0.9756333231925964,
      0.9792666435241699,
      0.977233350276947,
      0.9775999784469604,
      0.9809666872024536,
      0.9812666773796082,
      0.9805999994277954,
      0.9806666374206543,
      0.9834666848182678,
      0.9839000105857849,
      0.9824333190917969,
      0.9857000112533569,
      0.9871000051498413,
      0.9853666424751282,
      0.9860333204269409,
      0.9866999983787537,
      0.9874666929244995,
      0.9869999885559082,
      0.9884999990463257,
      0.9851999878883362,
      0.9872000217437744,
      0.9886000156402588,
      0.9860000014305115,
      0.9879999756813049,
      0.989466667175293,
      0.9897000193595886,
      0.9886000156402588,
      0.9876333475112915,
      0.989799976348877,
      0.9882333278656006,
      0.9880666732788086,
      0.9899666905403137,
      0.9901000261306763,
      0.9892333149909973
    ],
    "loss": [
      0.4297870993614197,
      0.3099540174007416,
      0.25368961691856384,
      0.21869662404060364,
      0.19383694231510162,
      0.17875249683856964,
      0.16531705856323242,
      0.15284104645252228,
      0.143489271402359,
      0.1357649564743042,
      0.13552923500537872,
      0.12325754761695862,
      0.11542574316263199,
      0.1174948439002037,
      0.10899212211370468,
      0.10948880761861801,
      0.10457965731620789,
      0.09658481180667877,
      0.0964733138680458,
      0.09722350537776947,
      0.08859246969223022,
      0.08772365003824234,
      0.09012851864099503,
      0.08991443365812302,
      0.08466234058141708,
      0.08132989704608917,
      0.0863952562212944,
      0.07694678008556366,
      0.07363725453615189,
      0.07687500864267349,
      0.07393089681863785,
      0.07569467276334763,
      0.07025926560163498,
      0.07025916874408722,
      0.06913374364376068,
      0.07480331510305405,
      0.0707654356956482,
      0.0646318793296814,
      0.07428481429815292,
      0.06915244460105896,
      0.06617438793182373,
      0.06520889699459076,
      0.06851259618997574,
      0.069025419652462,
      0.06473574042320251,
      0.06707895547151566,
      0.06689989566802979,
      0.06378664821386337,
      0.061068419367074966,
      0.06399109959602356
    ],
    "val_accuracy": [
      0.5360000133514404,
      0.8009999990463257,
      0.842199981212616,
      0.7694000005722046,
      0.946399986743927,
      0.9142000079154968,
      0.6830000281333923,
      0.8966000080108643,
      0.921999990940094,
      0.91839998960495,
      0.9265999794006348,
      0.8095999956130981,
      0.8141999840736389,
      0.9082000255584717,
      0.9638000130653381,
      0.9047999978065491,
      0.9549999833106995,
      0.9508000016212463,
      0.8399999737739563,
      0.9057999849319458,
      0.9729999899864197,
      0.9660000205039978,
      0.9559999704360962,
      0.9735999703407288,
      0.9279999732971191,
      0.8245999813079834,
      0.9751999974250793,
      0.9742000102996826,
      0.9315999746322632,
      0.9742000102996826,
      0.9279999732971191,
      0.9718000292778015,
      0.9419999718666077,
      0.8870000243186951,
      0.949999988079071,
      0.9796000123023987,
      0.9476000070571899,
      0.9753999710083008,
      0.9570000171661377,
      0.9796000123023987,
      0.979200005531311,
      0.967199981212616,
      0.9832000136375427,
      0.9196000099182129,
      0.9670000076293945,
      0.8799999952316284,
      0.9642000198364258,
      0.9656000137329102,
      0.9625999927520752,
      0.9115999937057495
    ],
    "val_loss": [
      1.0632773637771606,
      0.5866048336029053,
      0.3758988082408905,
      0.6573187112808228,
      0.1667717844247818,
      0.24723200500011444,
      0.7815731167793274,
      0.3555729389190674,
      0.2660727798938751,
      0.2833207845687866,
      0.22371430695056915,
      0.44064605236053467,
      0.5708531737327576,
      0.27014756202697754,
      0.135526642203331,
      0.2975936532020569,
      0.15015722811222076,
      0.17225053906440735,
      0.4539274275302887,
      0.3102627694606781,
      0.1223871186375618,
      0.12512318789958954,
      0.1935153305530548,
      0.10625631362199783,
      0.26207631826400757,
      1.1028039455413818,
      0.1077507808804512,
      0.10206994414329529,
      0.2655412256717682,
      0.11313284933567047,
      0.27572304010391235,
      0.12390324473381042,
      0.21520273387432098,
      0.4113100469112396,
      0.1776718646287918,
      0.09815433621406555,
      0.19204841554164886,
      0.10555396974086761,
      0.18684056401252747,
      0.09620361030101776,
      0.0984116867184639,
      0.14160355925559998,
      0.08208014816045761,
      0.29914844036102295,
      0.14396624267101288,
      0.432325541973114,
      0.15084140002727509,
      0.14004379510879517,
      0.13975189626216888,
      0.3243753910064697
    ],
    "learning_rate": [
      0.00214638514444232,
      0.00214638514444232,
      0.00214638514444232,
      0.00214638514444232,
      0.00214638514444232,
      0.00214638514444232,
      0.00214638514444232,
      0.00214638514444232,
      0.00214638514444232,
      0.00214638514444232,
      0.00214638514444232,
      0.00214638514444232,
      0.00214638514444232,
      0.00214638514444232,
      0.00214638514444232,
      0.00214638514444232,
      0.00214638514444232,
      0.00214638514444232,
      0.00214638514444232,
      0.00214638514444232,
      0.00214638514444232,
      0.00214638514444232,
      0.00214638514444232,
      0.00214638514444232,
      0.00214638514444232,
      0.00214638514444232,
      0.00214638514444232,
      0.00214638514444232,
      0.00214638514444232,
      0.00214638514444232,
      0.00214638514444232,
      0.00214638514444232,
      0.00214638514444232,
      0.00214638514444232,
      0.00214638514444232,
      0.00214638514444232,
      0.00214638514444232,
      0.00214638514444232,
      0.00214638514444232,
      0.00214638514444232,
      0.00214638514444232,
      0.00214638514444232,
      0.00214638514444232,
      0.00214638514444232,
      0.00214638514444232,
      0.00214638514444232,
      0.00214638514444232,
      0.00214638514444232,
      0.00214638514444232,
      0.00214638514444232
    ]
  }
}